cells;bytes;build_duration_nanosec;build_duration_total_nanosec;retr_duration_avg_nanosec;algorithm;table
112659785;166092336;8523413915;31080106305;1009;dedup_btree;cocoa_main_tokenized
112209644;165628616;7981088561;29387415596;1013;dedup_btree;cocoa_main_tokenized
111646034;165214880;6903595185;23887371323;1032;dedup_btree;cocoa_main_tokenized
103749331;155490424;8740674404;31388955426;1001;dedup_btree;cocoa_main_tokenized
103751321;155462784;8216586030;28670557936;1015;dedup_btree;cocoa_main_tokenized
102624710;154275328;9131103579;34097754616;985;dedup_btree;cocoa_main_tokenized
102623027;154359504;7503659936;26543051149;1022;dedup_btree;cocoa_main_tokenized
95859123;145848560;8012814071;30647967568;970;dedup_btree;cocoa_main_tokenized
95858582;145796944;8094021604;29589546762;970;dedup_btree;cocoa_main_tokenized
101490576;152697216;7328576564;25922805445;1713;dedup_btree;cocoa_main_tokenized
84578650;131515840;7636550027;28473991711;957;dedup_btree;cocoa_main_tokenized
90218777;138302824;7688312570;30261875954;1038;dedup_btree;cocoa_main_tokenized
90221434;138184784;7735649495;30081459554;974;dedup_btree;cocoa_main_tokenized
78944384;124308912;7527531707;30145237818;929;dedup_btree;cocoa_main_tokenized
78936464;124311240;7594556415;29398941085;926;dedup_btree;cocoa_main_tokenized
67657817;109490896;6723158088;30045695035;898;dedup_btree;cocoa_main_tokenized
67661461;109503648;6433540284;29745198490;947;dedup_btree;cocoa_main_tokenized
56391852;93839944;5792423385;26602578273;898;dedup_btree;cocoa_main_tokenized
45114975;77613160;4478237683;25174499330;802;dedup_btree;cocoa_main_tokenized
45103323;77587240;4685419720;25074437180;789;dedup_btree;cocoa_main_tokenized
28196465;52184664;2922032808;21146808534;717;dedup_btree;cocoa_main_tokenized
33832426;61199440;3257221916;22925479225;727;dedup_btree;cocoa_main_tokenized
33831835;61065968;3440731620;22410771862;750;dedup_btree;cocoa_main_tokenized
22557019;43005400;2457174042;20027031555;659;dedup_btree;cocoa_main_tokenized
22554215;43174232;2370382978;20113819763;658;dedup_btree;cocoa_main_tokenized
11272178;23640144;1375137245;17565218217;534;dedup_btree;cocoa_main_tokenized
11272271;23629624;1269982589;17006947382;538;dedup_btree;cocoa_main_tokenized
11283651;23667928;1287147074;16919446815;532;dedup_btree;cocoa_main_tokenized
112772902;166478944;5471907216;25133233942;1046;dedup_btree;cocoa_main_tokenized
112660463;155849816;7787562790;30067679684;236;dedup_hash;cocoa_main_tokenized
112208462;155406120;7901094094;29704557546;254;dedup_hash;cocoa_main_tokenized
111644676;154981320;7725674885;28547804645;264;dedup_hash;cocoa_main_tokenized
103751506;148781496;7460645918;28166252297;231;dedup_hash;cocoa_main_tokenized
103750700;148729464;7179061227;26031589514;242;dedup_hash;cocoa_main_tokenized
102619514;147972288;7248078297;27508649522;232;dedup_hash;cocoa_main_tokenized
102622037;147858360;7481727004;27775191973;247;dedup_hash;cocoa_main_tokenized
95852952;142407848;8377326279;31478844533;248;dedup_hash;cocoa_main_tokenized
95862400;142527336;7854952165;29133320383;245;dedup_hash;cocoa_main_tokenized
101496485;147093400;8291368548;30904218409;233;dedup_hash;cocoa_main_tokenized
84577141;132985752;8009516223;31304029192;238;dedup_hash;cocoa_main_tokenized
90221049;137291992;7824818618;30761030631;268;dedup_hash;cocoa_main_tokenized
90218402;137295016;8007718483;31024786962;248;dedup_hash;cocoa_main_tokenized
78927695;128221800;7634195539;30869769914;230;dedup_hash;cocoa_main_tokenized
78947215;128310648;7543368359;29201582863;243;dedup_hash;cocoa_main_tokenized
67657823;119087416;6221774694;29356698743;227;dedup_hash;cocoa_main_tokenized
67654811;119136520;6238524222;29302473853;235;dedup_hash;cocoa_main_tokenized
56381844;109000296;5618363959;27372736675;225;dedup_hash;cocoa_main_tokenized
45116212;69913800;4429831276;25364099894;221;dedup_hash;cocoa_main_tokenized
45106006;69816256;4268331516;24806884257;215;dedup_hash;cocoa_main_tokenized
28189076;55278808;2936039385;21398125467;224;dedup_hash;cocoa_main_tokenized
33829033;60261720;3296204048;22531335717;212;dedup_hash;cocoa_main_tokenized
33829788;60342888;3294613619;22846324822;224;dedup_hash;cocoa_main_tokenized
22554268;49811696;2355534521;19959867652;206;dedup_hash;cocoa_main_tokenized
22557954;49960056;2269868013;20214142951;209;dedup_hash;cocoa_main_tokenized
11273870;24993488;1239820742;17045536343;206;dedup_hash;cocoa_main_tokenized
112772902;156241728;5262503854;17800954953;256;dedup_hash;cocoa_main_tokenized
112660103;125091256;6938157688;21545237271;377;ns;cocoa_main_tokenized
112208211;124689032;8730123966;28887957221;447;ns;cocoa_main_tokenized
111642921;124781496;6246534054;17044641013;371;ns;cocoa_main_tokenized
103749232;120782568;8862261057;29776416716;357;ns;cocoa_main_tokenized
103752565;120887016;6939534007;21493643032;423;ns;cocoa_main_tokenized
102622631;120719104;8286314897;28751466668;420;ns;cocoa_main_tokenized
102625490;120740240;8293626423;26641688779;373;ns;cocoa_main_tokenized
95856167;117416744;8650318196;29828418541;361;ns;cocoa_main_tokenized
95859370;117448432;8846118147;31509139453;368;ns;cocoa_main_tokenized
101493605;120040664;7778563670;25220567530;416;ns;cocoa_main_tokenized
84582884;112096320;8251176989;28692961360;397;ns;cocoa_main_tokenized
90219489;114512096;7702956548;29241469094;364;ns;cocoa_main_tokenized
90212245;114540496;8178718000;30537107759;397;ns;cocoa_main_tokenized
78944756;109490528;7571271713;29107747830;376;ns;cocoa_main_tokenized
78943760;109367976;7736341041;29854426626;370;ns;cocoa_main_tokenized
67658339;103756520;7391484485;30754106416;346;ns;cocoa_main_tokenized
67665169;103564376;6708696808;27739682898;377;ns;cocoa_main_tokenized
56385988;98077064;6005520419;25882794608;345;ns;cocoa_main_tokenized
45112440;58739720;4626174845;24748653538;326;ns;cocoa_main_tokenized
45105060;58793120;4987644645;24857179787;361;ns;cocoa_main_tokenized
28187031;49850400;3325515432;21079034722;313;ns;cocoa_main_tokenized
33831542;52900256;3538305563;22787936189;368;ns;cocoa_main_tokenized
33829712;53010072;3556811798;22468977992;338;ns;cocoa_main_tokenized
22552332;46977512;2514067337;20148052052;308;ns;cocoa_main_tokenized
22548481;46775704;2497972887;20437152903;307;ns;cocoa_main_tokenized
11278380;23593368;1288507939;16940836271;290;ns;cocoa_main_tokenized
11278699;23611552;1295923039;17022374175;291;ns;cocoa_main_tokenized
11279192;23617960;1496360590;17399841427;298;ns;cocoa_main_tokenized
112772902;125102016;6190886378;28985212078;490;ns;cocoa_main_tokenized
1586435541;42154694344;155635782300;591700168404;16696;dedup_btree;gittables_main_tokenized
1580079483;42059461248;162412123030;639354671913;3149;dedup_btree;gittables_main_tokenized
1572144607;41942178128;145702721570;545806009923;3150;dedup_btree;gittables_main_tokenized
1460956775;39912773616;165060088645;652541057586;4211;dedup_btree;gittables_main_tokenized
1460955931;39903221504;147840592780;564433988907;4016;dedup_btree;gittables_main_tokenized
1445095349;39678062456;166058804657;659951849489;4141;dedup_btree;gittables_main_tokenized
1445091108;39689949792;160534747796;616694268766;4356;dedup_btree;gittables_main_tokenized
1349795726;37333903032;156221264537;624580617268;4107;dedup_btree;gittables_main_tokenized
1349820760;37328404912;162053314491;655492067371;3983;dedup_btree;gittables_main_tokenized
1429214715;38882707544;147077216044;577278923559;3113;dedup_btree;gittables_main_tokenized
1190980888;33590236416;135572777792;563362847178;3127;dedup_btree;gittables_main_tokenized
1270402391;35591172728;149149578202;625511270294;3872;dedup_btree;gittables_main_tokenized
1270416937;35596787968;149370728307;620640896316;3818;dedup_btree;gittables_main_tokenized
1111597956;32056242312;135059564945;597894876503;3001;dedup_btree;gittables_main_tokenized
1111595618;32052734504;134838961154;595879639821;3945;dedup_btree;gittables_main_tokenized
952799488;28137395720;116013010643;547217719693;3015;dedup_btree;gittables_main_tokenized
952826083;28157643408;119410013730;571486641313;3929;dedup_btree;gittables_main_tokenized
794046960;24317008296;102835997499;518449334667;2948;dedup_btree;gittables_main_tokenized
635226309;20369514152;85883515112;502213610298;2894;dedup_btree;gittables_main_tokenized
635200072;20352871112;85139382198;491309935237;3341;dedup_btree;gittables_main_tokenized
397001587;13694486112;57709969451;420087095715;2781;dedup_btree;gittables_main_tokenized
476407793;15938059064;67964089389;468172114607;2765;dedup_btree;gittables_main_tokenized
476404348;15945473808;66629950805;454882565367;2792;dedup_btree;gittables_main_tokenized
317625277;11363158216;48775395258;416787551522;2696;dedup_btree;gittables_main_tokenized
317601619;11344279784;48771210987;403059498283;2605;dedup_btree;gittables_main_tokenized
158800237;6187398464;27179049355;387049671313;2405;dedup_btree;gittables_main_tokenized
158783613;6182456424;27476281247;363216054332;2412;dedup_btree;gittables_main_tokenized
1588021298;42180820864;128995117730;431698462755;3241;dedup_btree;gittables_main_tokenized
1586432469;39443291592;151766293614;497780573647;808;dedup_hash;gittables_main_tokenized
1580084404;39362290280;160394612372;541111937918;854;dedup_hash;gittables_main_tokenized
1572137366;39272812120;153448002928;514364007697;818;dedup_hash;gittables_main_tokenized
1460965026;37530346264;162851464477;561603109117;860;dedup_hash;gittables_main_tokenized
1460980242;37529379392;153632245430;486864084495;895;dedup_hash;gittables_main_tokenized
1445096060;37336258096;162700460422;560774360655;998;dedup_hash;gittables_main_tokenized
1445093518;37335097272;148201557141;470255359742;833;dedup_hash;gittables_main_tokenized
1349807932;35268130568;153509180611;541245684685;1887;dedup_hash;gittables_main_tokenized
1349824697;35268251648;159029255911;563152328600;839;dedup_hash;gittables_main_tokenized
1429232319;36582394920;158906689531;544287165294;790;dedup_hash;gittables_main_tokenized
1191010344;32043026312;141627416151;535116023422;800;dedup_hash;gittables_main_tokenized
1270428883;33782994896;149275643153;535997590888;3257;dedup_hash;gittables_main_tokenized
1270417154;33785074408;155054570706;571027331777;965;dedup_hash;gittables_main_tokenized
1111598090;30802863576;135397655061;513617440866;786;dedup_hash;gittables_main_tokenized
1111600845;30800079080;138976649972;539790001027;819;dedup_hash;gittables_main_tokenized
952822007;27543671296;128020789363;526963175032;832;dedup_hash;gittables_main_tokenized
952823722;27545616560;129418797631;534286505246;841;dedup_hash;gittables_main_tokenized
794039347;24482928320;113205868851;492632368558;794;dedup_hash;gittables_main_tokenized
635215375;21421146816;101818841776;500434313745;788;dedup_hash;gittables_main_tokenized
635218191;21421948056;99888826798;491393797048;741;dedup_hash;gittables_main_tokenized
397010417;12680686688;61952762254;445121541606;737;dedup_hash;gittables_main_tokenized
476411762;14321235088;70552746928;445203165225;769;dedup_hash;gittables_main_tokenized
476399314;14320008896;69837827282;445420781341;745;dedup_hash;gittables_main_tokenized
317587937;11039541696;53375181635;396400462121;791;dedup_hash;gittables_main_tokenized
317598582;11041211352;56920535653;396421299377;736;dedup_hash;gittables_main_tokenized
158793536;5657867968;28941313217;360977038751;642;dedup_hash;gittables_main_tokenized
1588021298;39465052304;147221973909;467141792557;814;dedup_hash;gittables_main_tokenized
1586433715;24421548544;207376438643;387208357651;1009;ns;gittables_main_tokenized
1580085635;24384685376;206955805037;379841128245;1066;ns;gittables_main_tokenized
1572139716;24329779216;206048219206;386618095266;952;ns;gittables_main_tokenized
1460979261;23303735536;203152800248;367172687741;1089;ns;gittables_main_tokenized
1460965867;23303818184;207671602996;381607294223;1225;ns;gittables_main_tokenized
1445106903;23210602784;203883413427;358157482220;1139;ns;gittables_main_tokenized
1445089849;23210365912;205092979785;376705672232;989;ns;gittables_main_tokenized
1349834214;22407639480;207335949223;450727245848;982;ns;gittables_main_tokenized
1349824407;22407155512;193075022397;347500550116;17812;ns;gittables_main_tokenized
1429217797;23113552848;192964327701;353057745505;965;ns;gittables_main_tokenized
1191053820;21059947224;178237706208;388635370195;944;ns;gittables_main_tokenized
1270440474;21864575928;195651609744;404144381849;1002;ns;gittables_main_tokenized
1270433573;21866420896;194732295936;404482539140;1038;ns;gittables_main_tokenized
1111629132;20326912376;182540922441;458848917065;918;ns;gittables_main_tokenized
1111600071;20326116696;180622500981;417410934743;1032;ns;gittables_main_tokenized
952798576;18971245704;170627081657;468474323580;917;ns;gittables_main_tokenized
952811589;18970877048;171065772486;468245484959;3433;ns;gittables_main_tokenized
794007241;17540186160;154979963585;442749146339;948;ns;gittables_main_tokenized
635222084;16025881784;135987415598;466703749067;5245;ns;gittables_main_tokenized
635197360;16025066640;132911459094;453585426770;1120;ns;gittables_main_tokenized
396999350;9223339456;85841090510;403482986668;901;ns;gittables_main_tokenized
476378378;10052821560;97120322971;425706552947;822;ns;gittables_main_tokenized
476399582;10054354072;97240402554;422982462578;841;ns;gittables_main_tokenized
317635329;8358541328;73568925391;394859900872;873;ns;gittables_main_tokenized
317610956;8357913472;72847442924;399312907424;815;ns;gittables_main_tokenized
158795358;4325060360;39602292441;346825616228;717;ns;gittables_main_tokenized
158810328;4325670872;39546604266;355615561035;726;ns;gittables_main_tokenized
1588021298;24430942472;207878096790;398862161376;982;ns;gittables_main_tokenized
101427731;166188480;6912504515;23681672945;1033;dedup_btree;main_tokenized
101022350;165614248;7303044932;24972532616;1013;dedup_btree;main_tokenized
100513518;165027824;7416122381;26118710751;1013;dedup_btree;main_tokenized
93404944;155472528;6772039322;24305335856;990;dedup_btree;main_tokenized
93407446;155299128;7126006406;24707211176;1138;dedup_btree;main_tokenized
92391529;154329224;6948835516;24680546133;999;dedup_btree;main_tokenized
92387546;154276936;7890804438;27471059791;975;dedup_btree;main_tokenized
86300398;145854056;7985876675;29111608869;994;dedup_btree;main_tokenized
86296795;145846104;6935433758;26485784308;965;dedup_btree;main_tokenized
91376794;152800328;7324223963;25957842353;1004;dedup_btree;main_tokenized
76146258;131626520;7136810262;26218562832;939;dedup_btree;main_tokenized
81214357;138103904;7152010572;26798482155;975;dedup_btree;main_tokenized
81228349;138178136;7952673205;29291655277;954;dedup_btree;main_tokenized
71067998;124361088;7324128355;28628090445;923;dedup_btree;main_tokenized
71068034;124211200;7172165396;28313529841;951;dedup_btree;main_tokenized
60912383;109577848;5845310547;26786134518;898;dedup_btree;main_tokenized
60916692;109351672;6060224833;27085805122;884;dedup_btree;main_tokenized
50769888;93548136;5349529030;24966737924;1086;dedup_btree;main_tokenized
40611630;77799024;4079068606;22394226208;824;dedup_btree;main_tokenized
40611991;77443264;4178923407;22220248492;825;dedup_btree;main_tokenized
25376559;52126456;2643159001;18684991598;704;dedup_btree;main_tokenized
30457183;61076800;3278106526;21238187974;743;dedup_btree;main_tokenized
30451119;61012664;3105013539;20777892355;731;dedup_btree;main_tokenized
20301626;43131776;2117837637;17570593246;652;dedup_btree;main_tokenized
20309726;43271528;2183693903;18405334225;650;dedup_btree;main_tokenized
10154817;23599896;1169137136;15071037608;519;dedup_btree;main_tokenized
10150624;23629936;1281415934;15499271868;529;dedup_btree;main_tokenized
101529655;166429000;5067268022;21251294329;1039;dedup_btree;main_tokenized
101428145;155883672;6156877088;22962893326;269;dedup_hash;main_tokenized
101022077;155615888;6758629942;24654984204;456;dedup_hash;main_tokenized
100515182;155215608;6434688775;23655018380;237;dedup_hash;main_tokenized
93405288;148923064;7379190877;27661725017;370;dedup_hash;main_tokenized
93408782;148739512;7163696243;25343655397;237;dedup_hash;main_tokenized
92394395;148151984;5798080192;21432270340;231;dedup_hash;main_tokenized
92387744;148175008;7427986218;26456167439;241;dedup_hash;main_tokenized
86300734;142374928;7013804879;25887685570;245;dedup_hash;main_tokenized
86304420;142586072;7091697465;25790920501;240;dedup_hash;main_tokenized
91377833;147074656;7441345260;27324407093;266;dedup_hash;main_tokenized
76141130;133160368;7019063012;27868314607;227;dedup_hash;main_tokenized
81227281;137320512;6837813421;26762136956;237;dedup_hash;main_tokenized
81220001;137153600;6933997749;27092645812;244;dedup_hash;main_tokenized
71069985;128316472;7350131352;29405023252;225;dedup_hash;main_tokenized
71067183;128298256;6935722045;28114683669;273;dedup_hash;main_tokenized
60920681;119072552;6044033157;27256420199;223;dedup_hash;main_tokenized
60931508;118740736;5742385182;25531336430;244;dedup_hash;main_tokenized
50761052;108892272;4880844103;24157117195;300;dedup_hash;main_tokenized
40620416;69685152;4470289355;24541411893;217;dedup_hash;main_tokenized
40610293;69720280;3901498603;22490524434;363;dedup_hash;main_tokenized
25379072;54980040;2407685904;18886213398;211;dedup_hash;main_tokenized
30460759;60084320;3277858140;21090667897;243;dedup_hash;main_tokenized
30460815;60214520;2896119925;20214393160;227;dedup_hash;main_tokenized
20305978;50015160;2129417261;17856101045;208;dedup_hash;main_tokenized
20313000;49955800;2120687178;18231486571;212;dedup_hash;main_tokenized
10149629;25064768;1330442518;15640976714;196;dedup_hash;main_tokenized
10159559;24993792;1231258683;15682757130;197;dedup_hash;main_tokenized
101529655;156021944;4936146657;15679418824;250;dedup_hash;main_tokenized
87612276;166243168;6387832379;21946616774;1021;dedup_btree;main_tokenized_embedding
87262376;165613496;7206003266;25251740789;1000;dedup_btree;main_tokenized_embedding
86822769;165010456;6617466875;23576960122;1006;dedup_btree;main_tokenized_embedding
80684209;155550480;7266150060;26360424538;982;dedup_btree;main_tokenized_embedding
80680055;155546496;5876662258;19557599812;1032;dedup_btree;main_tokenized_embedding
79811099;154384760;5988265010;22108452656;1026;dedup_btree;main_tokenized_embedding
79808020;154447720;6154037861;21532608635;1030;dedup_btree;main_tokenized_embedding
74550598;145823424;6857140113;25079011602;953;dedup_btree;main_tokenized_embedding
74537400;145769352;7003252366;25931636431;1001;dedup_btree;main_tokenized_embedding
78934930;152893784;6933155710;23913198609;981;dedup_btree;main_tokenized_embedding
65771006;131455152;5761336893;22679584435;957;dedup_btree;main_tokenized_embedding
70157494;138160488;6471253220;25503389850;991;dedup_btree;main_tokenized_embedding
70158501;138238912;6851749472;26827990638;963;dedup_btree;main_tokenized_embedding
61388831;124465624;5894982696;24271133258;923;dedup_btree;main_tokenized_embedding
61380766;124209168;5839875690;24580436621;927;dedup_btree;main_tokenized_embedding
52611102;109518400;5722163485;25483615709;913;dedup_btree;main_tokenized_embedding
52621777;109617400;5269403604;23158429888;894;dedup_btree;main_tokenized_embedding
43845661;93771376;4496922544;20263515080;926;dedup_btree;main_tokenized_embedding
35084150;77534032;3546891925;19861991404;805;dedup_btree;main_tokenized_embedding
35081333;77638088;3536956118;20202226148;824;dedup_btree;main_tokenized_embedding
21923951;52268344;2277022597;15835963312;698;dedup_btree;main_tokenized_embedding
26310619;61007440;2561072021;17722293406;731;dedup_btree;main_tokenized_embedding
26311372;61000848;2666869249;17850189218;745;dedup_btree;main_tokenized_embedding
17539664;43152488;1884475610;15818140846;656;dedup_btree;main_tokenized_embedding
17537026;43018944;1893230021;15654257950;651;dedup_btree;main_tokenized_embedding
8767836;23622272;982801658;13215066389;531;dedup_btree;main_tokenized_embedding
8766074;23617432;987782476;13367879886;537;dedup_btree;main_tokenized_embedding
87700361;166427032;4461884028;23911786527;1015;dedup_btree;main_tokenized_embedding
87613113;155929984;6153349587;22811270223;235;dedup_hash;main_tokenized_embedding
87261883;155710192;5626872176;20787468964;282;dedup_hash;main_tokenized_embedding
86823788;155158488;6106083892;21878026651;251;dedup_hash;main_tokenized_embedding
80681506;148668144;6487501707;23139474861;267;dedup_hash;main_tokenized_embedding
80684496;148810752;6215945734;21795570868;260;dedup_hash;main_tokenized_embedding
79804194;148157928;5916960557;22228265778;242;dedup_hash;main_tokenized_embedding
79810854;147852528;5852793303;20462291231;236;dedup_hash;main_tokenized_embedding
74549711;142532224;7033503016;25706991097;237;dedup_hash;main_tokenized_embedding
74547783;142123440;6741850168;25041515361;229;dedup_hash;main_tokenized_embedding
78932550;147013832;6725476478;24798205416;230;dedup_hash;main_tokenized_embedding
65768350;133178296;5740957133;23494799362;225;dedup_hash;main_tokenized_embedding
70161518;137323960;6009181931;24277272236;262;dedup_hash;main_tokenized_embedding
70163021;137121800;6661577991;26082611218;231;dedup_hash;main_tokenized_embedding
61393492;128211536;5889899667;25743979664;225;dedup_hash;main_tokenized_embedding
61391790;128356840;5839641859;25287519680;248;dedup_hash;main_tokenized_embedding
52626860;119033352;4955341744;23247219076;226;dedup_hash;main_tokenized_embedding
52614905;118980536;5059088375;22637604613;227;dedup_hash;main_tokenized_embedding
43846021;108716968;4456042725;21501905536;232;dedup_hash;main_tokenized_embedding
35072416;69881256;3568714681;20271098333;223;dedup_hash;main_tokenized_embedding
35082265;69632832;3341641424;19305286115;218;dedup_hash;main_tokenized_embedding
21922740;54996176;2269831602;17175624197;208;dedup_hash;main_tokenized_embedding
26310257;60202584;2760643058;18346955429;214;dedup_hash;main_tokenized_embedding
26307848;60299296;2590581572;18214207808;214;dedup_hash;main_tokenized_embedding
17539942;49899064;1831554597;16027017030;216;dedup_hash;main_tokenized_embedding
17539962;50073240;1838582234;15546673743;208;dedup_hash;main_tokenized_embedding
8767405;24887040;1025103243;13229001779;198;dedup_hash;main_tokenized_embedding
8770865;24951088;1101943528;13871111286;203;dedup_hash;main_tokenized_embedding
87700361;156081200;4484019989;14308561949;235;dedup_hash;main_tokenized_embedding
87612504;125195536;6303455922;21617074712;438;ns;main_tokenized_embedding
87262509;124732080;6835723965;22960722927;365;ns;main_tokenized_embedding
86823800;124628768;6425131011;21547916642;370;ns;main_tokenized_embedding
80685331;120967944;6710474420;22859204426;376;ns;main_tokenized_embedding
80688841;120946704;5269413463;17192514370;383;ns;main_tokenized_embedding
79802549;120634696;6583131831;22850661803;432;ns;main_tokenized_embedding
79811147;120636480;5038033208;15985075040;375;ns;main_tokenized_embedding
74542475;117500624;6811516763;24413854613;370;ns;main_tokenized_embedding
74552350;117421920;6105800414;22076010968;381;ns;main_tokenized_embedding
78934121;120007688;5198295923;16617399920;365;ns;main_tokenized_embedding
65770060;111991336;6473527009;22880827224;356;ns;main_tokenized_embedding
70151322;114424088;6509732297;22645582127;360;ns;main_tokenized_embedding
70166164;114666792;6495913596;23483344930;373;ns;main_tokenized_embedding
61390407;109206576;5938257684;22708931180;358;ns;main_tokenized_embedding
61390074;109494776;5967837644;21601517468;364;ns;main_tokenized_embedding
52622322;103762728;5401605865;22819424546;374;ns;main_tokenized_embedding
52614050;103682048;5278956149;21609804238;358;ns;main_tokenized_embedding
43852482;98206312;4525596208;19807252235;343;ns;main_tokenized_embedding
35086138;58755856;3948083494;19917387997;337;ns;main_tokenized_embedding
35078633;58776080;3770246393;19120202242;367;ns;main_tokenized_embedding
21925110;49888680;2411239528;15636883065;314;ns;main_tokenized_embedding
26309714;52886160;2871278549;18304324320;342;ns;main_tokenized_embedding
26310909;52912792;2927144793;17721425924;317;ns;main_tokenized_embedding
17539790;46873960;2000116754;15551400354;331;ns;main_tokenized_embedding
17542764;46783680;2142726543;15923696891;365;ns;main_tokenized_embedding
8765848;23533248;1023305437;13329448631;287;ns;main_tokenized_embedding
8768964;23579992;1182068637;14200599276;291;ns;main_tokenized_embedding
87700361;125152840;4701746123;25360229133;379;ns;main_tokenized_embedding
101427725;125008872;6830647751;20552526888;488;ns;main_tokenized
101022307;124767344;8624760068;28289645982;400;ns;main_tokenized
100513079;124685024;8135604006;26939697466;375;ns;main_tokenized
93408458;121003872;7257581466;26191909448;362;ns;main_tokenized
93408420;120916288;6221940886;20291693728;383;ns;main_tokenized
92391436;120568920;7032177806;24641968588;394;ns;main_tokenized
92392496;120579272;6524973498;21181721067;373;ns;main_tokenized
86296059;117428040;7423712963;25786634507;436;ns;main_tokenized
86299416;117498016;7132462707;26200074013;414;ns;main_tokenized
91377039;119934792;7544943315;25811493318;430;ns;main_tokenized
76146320;111994480;7433287497;26754444631;406;ns;main_tokenized
81223446;114500352;7684866662;28583771707;367;ns;main_tokenized
81215569;114703304;7799257203;28382586068;366;ns;main_tokenized
71075863;109479080;6733711318;26188395482;436;ns;main_tokenized
71073621;109492048;6550526190;25583755166;365;ns;main_tokenized
60920929;103585472;6702812031;26880164046;344;ns;main_tokenized
60916937;103504216;6286319644;26099322465;390;ns;main_tokenized
50766924;98114528;5296878685;22990903269;338;ns;main_tokenized
40610310;58932952;4530391131;22945993535;356;ns;main_tokenized
40609695;58720896;4418020482;22684013280;363;ns;main_tokenized
25382909;50031576;2967825771;18560842503;337;ns;main_tokenized
30465555;52985352;3450846994;20233444290;355;ns;main_tokenized
30461751;52842696;3366024773;20289000329;317;ns;main_tokenized
20302715;46813320;2125489056;18021712448;331;ns;main_tokenized
20300130;46984648;2225866525;18323309249;328;ns;main_tokenized
10152883;23588808;1115969935;14817669694;322;ns;main_tokenized
10154189;23771400;1295138589;15984785533;298;ns;main_tokenized
101529655;125220552;5725530048;26164517412;396;ns;main_tokenized
37811555;2684354560;2587122666;9890268521;478;baseline;mate_main_tokenized
37659924;2684354560;2566394338;9085137711;477;baseline;mate_main_tokenized
37470224;2684354560;2534226654;9155766356;471;baseline;mate_main_tokenized
34063147;2684354560;2418967550;7786888183;470;baseline;mate_main_tokenized
28384954;1342177280;1864177900;4628265104;461;baseline;mate_main_tokenized
18923884;1342177280;1310084033;5936076521;446;baseline;mate_main_tokenized
15145860;671088640;899045501;6094634517;457;baseline;mate_main_tokenized
9463239;671088640;667595817;5365326096;429;baseline;mate_main_tokenized
11356741;671088640;748857614;5556909730;425;baseline;mate_main_tokenized
7571860;335544320;460222511;4998556189;419;baseline;mate_main_tokenized
3783376;167772160;227562142;4315840231;399;baseline;mate_main_tokenized
37849251;2684354560;2547789250;9477379490;511;baseline;mate_main_tokenized
799130927;16817945560;76283244323;314239059276;2274;dedup_btree;open_data_main_tokenized
795929448;16778266296;76397349261;314675599661;2327;dedup_btree;open_data_main_tokenized
791928740;16670314600;74280064550;314686066769;2270;dedup_btree;open_data_main_tokenized
735926053;15937124712;74771903225;321836792636;2775;dedup_btree;open_data_main_tokenized
735943230;15934025520;73544028366;319378517561;2894;dedup_btree;open_data_main_tokenized
727921215;15812644408;72591142951;313110132305;2655;dedup_btree;open_data_main_tokenized
727941540;15808570712;72219191381;304557315217;2799;dedup_btree;open_data_main_tokenized
679924949;14155380560;67913998640;303936528966;2755;dedup_btree;open_data_main_tokenized
679944155;14157259392;71687455301;322479562116;3390;dedup_btree;open_data_main_tokenized
719929137;15700339816;68407046801;286469397497;2317;dedup_btree;open_data_main_tokenized
599948743;12741085440;60304703805;276944652172;2357;dedup_btree;open_data_main_tokenized
639960408;13641263216;63681534434;285723338066;2482;dedup_btree;open_data_main_tokenized
639980083;13637509080;65625073162;295785930822;2575;dedup_btree;open_data_main_tokenized
559939404;11928554600;59237529709;279089177638;2151;dedup_btree;open_data_main_tokenized
559928126;11924999056;58820545730;276597854875;2572;dedup_btree;open_data_main_tokenized
479960562;10498618376;50425887980;262091060974;2093;dedup_btree;open_data_main_tokenized
479971989;10500900160;51774817844;268402863197;2511;dedup_btree;open_data_main_tokenized
399957500;8738056328;43234921482;242613271914;2128;dedup_btree;open_data_main_tokenized
319992817;7104103928;34449500487;225997945315;1971;dedup_btree;open_data_main_tokenized
319940708;7104726840;35475312732;231601498023;2015;dedup_btree;open_data_main_tokenized
199983205;4582287024;23380297411;194784779230;1875;dedup_btree;open_data_main_tokenized
240000902;5492775000;27003142205;211374540483;1975;dedup_btree;open_data_main_tokenized
239983713;5484739712;27216966955;212048618403;1887;dedup_btree;open_data_main_tokenized
159992967;3736015528;19659257656;189165972182;1766;dedup_btree;open_data_main_tokenized
159992700;3734560784;19149177973;189572671371;1770;dedup_btree;open_data_main_tokenized
80000086;1987250960;10991718115;162940065849;1669;dedup_btree;open_data_main_tokenized
79992700;1984238240;11034759393;164476399650;1569;dedup_btree;open_data_main_tokenized
799930934;16821725080;62972467654;252354310903;2309;dedup_btree;open_data_main_tokenized
799131111;16586696592;77263733794;308461907617;637;dedup_hash;open_data_main_tokenized
795933223;16557766528;74590863806;297422671442;638;dedup_hash;open_data_main_tokenized
791930782;16458045360;72862433422;286817494731;638;dedup_hash;open_data_main_tokenized
735928473;15822891816;73664049807;314179171498;676;dedup_hash;open_data_main_tokenized
735929195;15819334280;72275326183;287919002834;711;dedup_hash;open_data_main_tokenized
727933997;15717602584;72742414378;297149936994;694;dedup_hash;open_data_main_tokenized
727948491;15718556008;72270724366;288438515418;757;dedup_hash;open_data_main_tokenized
679934430;14152595824;68456840559;284304353399;680;dedup_hash;open_data_main_tokenized
679912686;14153112024;67745649388;291164759807;707;dedup_hash;open_data_main_tokenized
719927111;15620745664;71876838002;299304769403;686;dedup_hash;open_data_main_tokenized
599972793;12895062816;61402153084;275547964624;706;dedup_hash;open_data_main_tokenized
639979601;13714134112;64332615839;279493642762;823;dedup_hash;open_data_main_tokenized
639955858;13713116456;67316237195;294926033258;675;dedup_hash;open_data_main_tokenized
559956101;12158386976;59808375326;269711194698;616;dedup_hash;open_data_main_tokenized
559965625;12156180200;60268385513;273882794827;721;dedup_hash;open_data_main_tokenized
479954831;9952065240;50659129774;260565351239;527;dedup_hash;open_data_main_tokenized
479965481;9952070176;50420902309;264334682229;626;dedup_hash;open_data_main_tokenized
399966510;8369499752;43535664990;247739581192;1886;dedup_hash;open_data_main_tokenized
319983379;6915750040;35274297596;228486383126;514;dedup_hash;open_data_main_tokenized
319950061;6918548304;35706567545;227943528351;532;dedup_hash;open_data_main_tokenized
199985937;4697901848;24549693450;199879766863;545;dedup_hash;open_data_main_tokenized
239984485;5494689360;27520249658;205944532859;512;dedup_hash;open_data_main_tokenized
239990117;5495370704;27510784855;205550515922;798;dedup_hash;open_data_main_tokenized
159995193;3496649736;18350035050;186508524678;383;dedup_hash;open_data_main_tokenized
159983660;3497138592;18977753990;187895451352;542;dedup_hash;open_data_main_tokenized
79987170;2008868744;11023994746;161294102025;355;dedup_hash;open_data_main_tokenized
80005168;2009635168;11126238639;161933824942;350;dedup_hash;open_data_main_tokenized
799930934;16595325024;65887566473;244948447193;728;dedup_hash;open_data_main_tokenized
799130708;8392992728;89277646236;209139018961;1202;ns;open_data_main_tokenized
795932753;8375261864;86558360038;205007049791;897;ns;open_data_main_tokenized
791931983;8338027808;86055741807;197841507934;1188;ns;open_data_main_tokenized
735944005;8088820288;89838878594;226717791295;1084;ns;open_data_main_tokenized
735934657;8088845128;84314680601;198481470581;2355;ns;open_data_main_tokenized
727927970;7985387992;88462057599;243675677372;886;ns;open_data_main_tokenized
727946042;7983940080;82612559561;202511801223;1046;ns;open_data_main_tokenized
679941762;7494444768;85377963103;231804110888;872;ns;open_data_main_tokenized
679947506;7493854936;83170504101;212551745880;900;ns;open_data_main_tokenized
719943508;7924974144;83901520271;203255292630;856;ns;open_data_main_tokenized
599929443;7017711864;78061872145;217387041572;803;ns;open_data_main_tokenized
639930038;7279952912;82339646899;244570053257;919;ns;open_data_main_tokenized
639936074;7281054360;81298221846;236906986084;876;ns;open_data_main_tokenized
559952358;6648335712;77364883200;237498769116;1187;ns;open_data_main_tokenized
559969353;6649275040;77324890335;234021606923;958;ns;open_data_main_tokenized
479971676;5001736048;68175991480;236197964857;1018;ns;open_data_main_tokenized
479971638;5001907736;68318697010;233441372007;831;ns;open_data_main_tokenized
399956730;4284243552;57827599061;218060545771;706;ns;open_data_main_tokenized
319969648;3711787440;46595371899;216241870387;688;ns;open_data_main_tokenized
319976442;3712140000;48183264290;214463849414;699;ns;open_data_main_tokenized
199988256;2732403416;32458404376;188719741667;682;ns;open_data_main_tokenized
239996852;3098404256;38717885759;201341207625;15492;ns;open_data_main_tokenized
239987008;3097556904;37882239897;196258436756;706;ns;open_data_main_tokenized
159971415;1902284472;26638807678;186760021203;570;ns;open_data_main_tokenized
159989578;1903220160;26116740183;181292355059;532;ns;open_data_main_tokenized
79993052;1250134576;15186580772;164414361205;483;ns;open_data_main_tokenized
79995921;1250020592;15296612653;161710207187;562;ns;open_data_main_tokenized
799930934;8396472616;76721353360;175240350434;1003;ns;open_data_main_tokenized
274383930;6291472832;25982083710;104437427208;1936;dedup_btree;open_data_mate_main_tokenized
273285426;6274123984;25344495560;101602870191;2068;dedup_btree;open_data_mate_main_tokenized
271913482;5985229216;24885758805;98577576717;1892;dedup_btree;open_data_mate_main_tokenized
252684326;5711107560;26036734706;103651355482;2058;dedup_btree;open_data_mate_main_tokenized
252684240;5710107280;24202183134;95755385114;2352;dedup_btree;open_data_mate_main_tokenized
249944164;5677570768;24372221366;98791026915;2290;dedup_btree;open_data_mate_main_tokenized
249945833;5678272672;25000846698;98100973216;2181;dedup_btree;open_data_mate_main_tokenized
233458857;5185083312;22723436161;94176986908;2088;dedup_btree;open_data_mate_main_tokenized
233456076;5185829920;23437227027;93456737773;2135;dedup_btree;open_data_mate_main_tokenized
247190379;5641881688;24119048263;96806894278;1908;dedup_btree;open_data_mate_main_tokenized
205988763;4810269272;21605966759;91759572518;1843;dedup_btree;open_data_mate_main_tokenized
219723700;4986851472;23573562109;97381457210;2293;dedup_btree;open_data_mate_main_tokenized
219718590;4984603992;22747918623;95861137130;2068;dedup_btree;open_data_mate_main_tokenized
192253721;4341094784;20497581142;91428928140;1943;dedup_btree;open_data_mate_main_tokenized
192265350;4340432544;20570550427;92169747654;2075;dedup_btree;open_data_mate_main_tokenized
164798896;3966931040;18600252257;86672126411;1753;dedup_btree;open_data_mate_main_tokenized
164784310;3965145976;18485776694;88440879020;1757;dedup_btree;open_data_mate_main_tokenized
137341283;3277628928;15402714353;80915937938;1704;dedup_btree;open_data_mate_main_tokenized
109867791;2603269872;12694725299;77872189637;1706;dedup_btree;open_data_mate_main_tokenized
109854512;2603517216;12559915431;78332129336;1690;dedup_btree;open_data_mate_main_tokenized
68652659;1715295256;8772273153;68619407015;1797;dedup_btree;open_data_mate_main_tokenized
82403723;2072635304;10165962389;72015255375;1534;dedup_btree;open_data_mate_main_tokenized
82410660;2073215096;9692037315;70955371881;1535;dedup_btree;open_data_mate_main_tokenized
54936630;1366778680;7282856518;66104893630;1608;dedup_btree;open_data_mate_main_tokenized
54922057;1367291456;6661429132;62439169258;1468;dedup_btree;open_data_mate_main_tokenized
27464866;722449472;3808226104;55094680876;1240;dedup_btree;open_data_mate_main_tokenized
27463139;722540592;3979035381;54724327701;1276;dedup_btree;open_data_mate_main_tokenized
274658645;6294628512;19954534805;73677929029;1959;dedup_btree;open_data_mate_main_tokenized
274384235;6184453816;24806921695;94499915687;482;dedup_hash;open_data_mate_main_tokenized
274384028;6184447992;25451980506;95374094922;482;dedup_hash;open_data_mate_main_tokenized
273284307;6169254312;24466152802;87233838319;1815;dedup_hash;open_data_mate_main_tokenized
271910153;5885681936;25006464713;91259915013;490;dedup_hash;open_data_mate_main_tokenized
252685689;5666528504;23780421097;90003318978;478;dedup_hash;open_data_mate_main_tokenized
252683935;5665960848;23660210717;86175492472;526;dedup_hash;open_data_mate_main_tokenized
249932486;5638938112;23752991144;90231538616;569;dedup_hash;open_data_mate_main_tokenized
249937708;5638580016;23952670396;89126339397;822;dedup_hash;open_data_mate_main_tokenized
233468407;5195823064;24603818936;96847800825;599;dedup_hash;open_data_mate_main_tokenized
233466975;5195802208;24634272982;92308539129;548;dedup_hash;open_data_mate_main_tokenized
247189171;5612709560;24325454952;94085184615;485;dedup_hash;open_data_mate_main_tokenized
205989280;4903779960;21194926242;86733785823;469;dedup_hash;open_data_mate_main_tokenized
219727566;5038547704;22130922537;89623581208;562;dedup_hash;open_data_mate_main_tokenized
219727935;5036847840;22124699844;86239878696;556;dedup_hash;open_data_mate_main_tokenized
192259897;4476517264;20907207613;85723995705;478;dedup_hash;open_data_mate_main_tokenized
192260286;4476821704;21243064703;86723730225;591;dedup_hash;open_data_mate_main_tokenized
164792746;3718228696;18238003001;85345290236;376;dedup_hash;open_data_mate_main_tokenized
164796151;3717968560;17597197811;84098690494;392;dedup_hash;open_data_mate_main_tokenized
137328586;3118886760;15195004196;84240899175;356;dedup_hash;open_data_mate_main_tokenized
109850046;2540651088;12465015338;74808928607;330;dedup_hash;open_data_mate_main_tokenized
109866303;2541451528;12321311836;75171867734;333;dedup_hash;open_data_mate_main_tokenized
68673225;1577111936;8152610030;67398582196;333;dedup_hash;open_data_mate_main_tokenized
82391667;2113012696;10314926707;70766141801;410;dedup_hash;open_data_mate_main_tokenized
82398931;2113281360;10218991122;71189270251;376;dedup_hash;open_data_mate_main_tokenized
54936006;1284645320;6884841785;64328589895;283;dedup_hash;open_data_mate_main_tokenized
54932017;1285599040;6625377485;62444600433;315;dedup_hash;open_data_mate_main_tokenized
27466770;652455896;3604677099;54670000593;275;dedup_hash;open_data_mate_main_tokenized
27468082;652945880;3724076472;53923714383;280;dedup_hash;open_data_mate_main_tokenized
274658645;6186610992;18717233711;57759327088;481;dedup_hash;open_data_mate_main_tokenized
274384401;3322025952;30141242192;60268292136;642;ns;open_data_mate_main_tokenized
273285778;3317381944;28908165146;59421474751;767;ns;open_data_mate_main_tokenized
271909684;3311715048;29448239178;58527758879;755;ns;open_data_mate_main_tokenized
252684544;3078028368;28149699566;56319223076;620;ns;open_data_mate_main_tokenized
252684045;3077995608;28322998826;55790252055;653;ns;open_data_mate_main_tokenized
249946959;3058716680;29574251729;60517828159;734;ns;open_data_mate_main_tokenized
249937951;3058940872;27812929231;57130574858;787;ns;open_data_mate_main_tokenized
233471533;2979325608;29304131516;67671690326;641;ns;open_data_mate_main_tokenized
233463579;2979573344;29019895482;62611948873;704;ns;open_data_mate_main_tokenized
247192179;3047639008;28148645724;56706917326;711;ns;open_data_mate_main_tokenized
205987064;2721039256;28816638282;74518555819;684;ns;open_data_mate_main_tokenized
219730463;2922502632;28913450978;68853116731;757;ns;open_data_mate_main_tokenized
219725147;2922781032;29352545439;71909723823;610;ns;open_data_mate_main_tokenized
192261077;2644595792;28351150839;78830600114;1334;ns;open_data_mate_main_tokenized
192252997;2644508728;27792079393;77304762434;611;ns;open_data_mate_main_tokenized
164803324;1893501192;23761249850;78655742878;525;ns;open_data_mate_main_tokenized
164795500;1893468240;23383352578;79423555210;626;ns;open_data_mate_main_tokenized
137336740;1690869920;20384580610;74096676342;1049;ns;open_data_mate_main_tokenized
109868316;1486789536;16972177803;71864980053;569;ns;open_data_mate_main_tokenized
109855460;1486458928;18092774417;72608681548;693;ns;open_data_mate_main_tokenized
68667338;864821376;11157933700;64054658742;430;ns;open_data_mate_main_tokenized
82384788;1236517152;13538225927;69456462060;1363;ns;open_data_mate_main_tokenized
82397417;1236534816;13918679127;68483460612;903;ns;open_data_mate_main_tokenized
54936128;760486912;9248196363;62585498322;414;ns;open_data_mate_main_tokenized
54935271;760431808;9497137529;62315574573;478;ns;open_data_mate_main_tokenized
27469763;391850152;5199311726;53737518726;450;ns;open_data_mate_main_tokenized
27470572;392042528;5202047684;54204000736;400;ns;open_data_mate_main_tokenized
274658645;3323047312;29391296868;69197929430;635;ns;open_data_mate_main_tokenized
129382144;2884688704;14704040631;79835824915;830;dedup_hash;open_data_mate_main_tokenized
177291144;6044203616;31843971692;350500281099;690;dedup_hash;gittables_main_tokenized
20848596;49247384;2241269823;16105632414;365;ns;main_tokenized_embedding
31872963;57941920;3194626385;21426254255;727;dedup_btree;cocoa_main_tokenized
95722960;145751056;8007490220;28699350078;1025;dedup_btree;cocoa_main_tokenized
101710083;2405837864;13830426060;165572125579;435;dedup_hash;open_data_main_tokenized
507638796;15119564392;74548577709;446985452552;833;dedup_hash;gittables_main_tokenized
1076293213;31410418064;134483102631;578094177365;4021;dedup_btree;gittables_main_tokenized
88811930;149340896;7706192575;27759478021;1013;dedup_btree;main_tokenized
72143016;106014288;6999484850;27297505050;387;ns;cocoa_main_tokenized
81896667;1234616128;13852868059;66717817050;520;ns;open_data_mate_main_tokenized
1146745099;20773007208;183133690603;395680744991;968;ns;gittables_main_tokenized
92519336;115735016;8441019024;30145726740;391;ns;cocoa_main_tokenized
30041265;55109976;3003568138;21742983334;725;dedup_btree;cocoa_main_tokenized
29562151;55078928;3340948850;18514999801;352;ns;main_tokenized_embedding
243221940;3029289872;28124768807;57327861196;752;ns;open_data_mate_main_tokenized
116860211;1516932792;18598671992;73747180401;533;ns;open_data_mate_main_tokenized
48640946;1205088288;6086305432;59934896537;1484;dedup_btree;open_data_mate_main_tokenized
85467897;133615280;7300868580;28722220167;254;dedup_hash;cocoa_main_tokenized
67420681;134567056;5624146086;23129456341;239;dedup_hash;main_tokenized_embedding
90713940;4107873040;20048646765;313065890990;618;dedup_hash;gittables_main_tokenized
528565974;11546511008;55739090928;267246693658;2815;dedup_btree;open_data_main_tokenized
198148762;4664616128;24417997756;196752670218;550;dedup_hash;open_data_main_tokenized
95344182;117227928;8500218788;28869292995;463;ns;cocoa_main_tokenized
266303557;3285329992;29703005241;59629486866;867;ns;open_data_mate_main_tokenized
82487266;131563912;7308795424;28767793270;261;dedup_hash;cocoa_main_tokenized
8595989;20389904;1019025075;15034323543;521;dedup_btree;main_tokenized
650913247;13769841112;65777036065;293331396638;2723;dedup_btree;open_data_main_tokenized
480483243;10506881608;50726953569;252289395703;2567;dedup_btree;open_data_main_tokenized
217374310;2912396968;28671760153;65413024576;801;ns;open_data_mate_main_tokenized
9813296;22800936;1247982222;16517718999;295;ns;cocoa_main_tokenized
254774679;5689733648;24550035956;91149333617;580;dedup_hash;open_data_mate_main_tokenized
196786721;4652315272;23960711273;193292407262;544;dedup_hash;open_data_main_tokenized
373185121;8032352016;42565904703;244474007224;649;dedup_hash;open_data_main_tokenized
71846403;1846016488;10483939697;155568674345;377;dedup_hash;open_data_main_tokenized
545896638;12006508256;57194581708;258603206253;729;dedup_hash;open_data_main_tokenized
73363299;110737696;7196267828;27109792095;402;ns;main_tokenized
2953720;6132768;433504598;12635191276;254;ns;main_tokenized
98223379;162266584;6726379590;23917694666;1000;dedup_btree;main_tokenized
66013474;116507704;6831836987;27524955154;905;dedup_btree;main_tokenized
707271160;15557398184;72294190146;302293789640;2808;dedup_btree;open_data_main_tokenized
15364317;26119264;1850201268;18268657205;325;ns;cocoa_main_tokenized
72188527;1859632520;10683753069;155831421954;383;dedup_hash;open_data_main_tokenized
58920566;106435872;5965708508;26159869412;897;dedup_btree;main_tokenized
86763678;142542016;6602034242;24696833060;255;dedup_hash;main_tokenized
2691359;8035064;358139014;10428638346;371;dedup_btree;main_tokenized_embedding
20129379;46663696;2292977117;17808069151;336;ns;main_tokenized
58287753;110433232;5792051067;28129959727;231;dedup_hash;cocoa_main_tokenized
57263901;115319896;5883091258;26260499837;223;dedup_hash;main_tokenized
100666460;119771520;8253638385;28575949354;381;ns;cocoa_main_tokenized
101903543;120408832;8441960388;28213617295;377;ns;cocoa_main_tokenized
205192865;4896121304;22035080432;88530950989;523;dedup_hash;open_data_mate_main_tokenized
352574974;7785208104;39402669564;230505425396;573;dedup_hash;open_data_main_tokenized
84271299;132976568;7868431628;30952366590;251;dedup_hash;cocoa_main_tokenized
17974744;38970664;1836876274;16906767413;636;dedup_btree;main_tokenized
238897798;3010913280;28241866955;62193227997;700;ns;open_data_mate_main_tokenized
879808;41943040;53078665;3559459959;369;baseline;mate_main_tokenized
7572223;16621648;881091185;14860034516;475;dedup_btree;cocoa_main_tokenized
435459922;8845499312;46961007062;258765178243;587;dedup_hash;open_data_main_tokenized
1336409813;37108302400;153015035345;598859337479;4168;dedup_btree;gittables_main_tokenized
432161500;9594648096;92306448258;412001172902;887;ns;gittables_main_tokenized
73429357;123436344;6687901389;28482302670;242;dedup_hash;cocoa_main_tokenized
1416917860;36283025576;150382557777;484754215577;830;dedup_hash;gittables_main_tokenized
77240336;1179281544;13324709765;66176284059;621;ns;open_data_mate_main_tokenized
320229156;11083689064;55389538970;394177897326;773;dedup_hash;gittables_main_tokenized
462914510;10178480152;49488434258;255930842664;2549;dedup_btree;open_data_main_tokenized
85288802;123409648;5846899577;19313450958;420;ns;main_tokenized_embedding
81139197;114477432;7715310450;28331393209;522;ns;main_tokenized
7678717;13386848;1004679571;14289329084;288;ns;main_tokenized
19128526;52167184;2051865548;16068855322;219;dedup_hash;main_tokenized_embedding
47834421;113660112;4691337424;21715800731;234;dedup_hash;main_tokenized_embedding
85414427;123449344;4989039452;15339290560;405;ns;main_tokenized_embedding
100302474;1402366424;18241550231;164214023686;618;ns;open_data_main_tokenized
28814962;1342177280;1637768198;3930139213;467;baseline;mate_main_tokenized
41738273;59548520;4477903478;22571424003;342;ns;main_tokenized
